name,region,latitude,longitude,altitude,days,tmax_mean,tmax_max,tmin_mean,tmin_min,rain_total,rain_wettest_day,temp_days,station_id,region_norm,region_was_alias,name_is_ambiguous
Abag Qi,Nei Mongol,44.0167,114.95,1128,113,25.27079646017699,35.1,12.22920353982301,-3.4,111.3,15.7,113,"Abag Qi@44.017,114.950",Nei Mongol,False,False
Aihui,Heilongjiang,50.25,127.45,166,113,24.186725663716814,31.9,13.035398230088495,-1.8,350.9024,34.6,113,"Aihui@50.250,127.450",Heilongjiang,False,False
Akqi,Xinjiang,40.9333,78.45,1986,113,24.738938053097346,35.7,12.471681415929202,3.2,259.90229999999997,58.8,113,"Akqi@40.933,78.450",Xinjiang,False,False
Alar,Xinjiang,40.5,81.05,1013,113,32.27699115044248,41.0,18.31504424778761,10.4,31.201300000000003,15.3,113,"Alar@40.500,81.050",Xinjiang,False,False
Altay,Xinjiang,47.7333,88.0833,737,113,27.31858407079646,36.1,14.107079646017699,4.4,67.6009,20.2,113,"Altay@47.733,88.083",Xinjiang,False,False
Anda,Heilongjiang,46.3833,125.3167,150,113,25.379646017699116,33.1,15.594690265486726,1.8,400.0,70.5,113,"Anda@46.383,125.317",Heilongjiang,False,False
Ankang,Shaanxi,32.7167,109.0333,291,113,33.81769911504425,42.5,22.1141592920354,8.3,221.4,63.1,113,"Ankang@32.717,109.033",Shaanxi,False,False
Anqing,Anhui,30.5333,117.05,20,113,31.615044247787612,39.5,23.307964601769914,11.9,402.8003,101.5,113,"Anqing@30.533,117.050",Anhui,False,False
Anyang,Henan,36.1167,114.3667,76,113,30.846902654867254,41.9,21.235398230088496,6.7,516.7,189.8,113,"Anyang@36.117,114.367",Henan,False,False
Arxan,Nei Mongol,47.1667,119.95,1028,113,21.313274336283186,32.5,7.841592920353983,-7.1,366.7,52.5,113,"Arxan@47.167,119.950",Nei Mongol,False,False
Bachu,Xinjiang,39.8,78.5667,1117,113,32.7212389380531,42.0,19.52654867256637,10.4,24.5009,9.4,113,"Bachu@39.800,78.567",Xinjiang,False,False
Bailing-Miao,Nei Mongol,41.7,110.4333,1377,113,26.615044247787612,35.2,13.482300884955752,-1.4,76.0,9.4,113,"Bailing-Miao@41.700,110.433",Nei Mongol,False,False
Baingoin,Xizang,31.3667,90.0167,4701,113,15.309734513274336,23.0,3.3451327433628317,-8.4,155.7,16.6,113,"Baingoin@31.367,90.017",Xizang,False,False
Baise,Guangxi,23.9,106.6,242,113,32.45929203539823,39.1,24.290265486725666,15.1,494.8,52.4,113,"Baise@23.900,106.600",Guangxi,False,False
Balguntay,Xinjiang,42.6667,86.3333,1753,113,25.653982300884955,32.6,11.809734513274336,4.0,82.8016,12.1,113,"Balguntay@42.667,86.333",Xinjiang,False,False
Baoding,Hebei,38.85,115.5667,19,113,30.702654867256637,41.9,18.800884955752213,2.3,555.7001,80.8,113,"Baoding@38.850,115.567",Hebei,False,False
Baoqing,Heilongjiang,46.3167,132.1833,83,113,25.176106194690266,32.7,14.495575221238939,1.8,270.0014,29.6,113,"Baoqing@46.317,132.183",Heilongjiang,False,False
Baoshan,Yunnan,25.1333,99.2167,1655,113,26.069026548672568,31.1,17.568141592920355,8.3,420.5,28.4,113,"Baoshan@25.133,99.217",Yunnan,False,False
Barkam,Sichuan,31.9,102.2333,2666,113,26.71061946902655,35.8,9.863716814159291,-1.3,293.8,26.0,113,"Barkam@31.900,102.233",Sichuan,False,False
Batang,Sichuan,30.0,99.1,2589,113,28.75221238938053,35.7,14.574336283185842,6.7,298.5,41.4,113,"Batang@30.000,99.100",Sichuan,False,False
Bayan Mod,Nei Mongol,40.75,104.5,1329,113,28.81946902654867,37.1,15.756637168141593,0.8,155.8,61.1,113,"Bayan Mod@40.750,104.500",Nei Mongol,False,False
Bayanbulak,Xinjiang,43.0333,84.15,2459,113,18.097345132743364,25.3,4.617699115044247,-2.9,206.0013,26.8,113,"Bayanbulak@43.033,84.150",Xinjiang,False,False
Baytik Shan,Xinjiang,45.3667,90.5333,1651,113,23.40442477876106,32.5,12.903539823008849,2.7,44.3002,11.0,113,"Baytik Shan@45.367,90.533",Xinjiang,False,False
Beidao,Gansu,34.5667,105.8667,1085,113,29.61150442477876,36.8,17.297345132743363,2.3,251.8012,47.4,113,"Beidao@34.567,105.867",Gansu,False,False
Beihai,Guangxi,21.4833,109.1,16,113,30.864601769911502,34.5,25.546902654867257,15.5,972.8,117.3,113,"Beihai@21.483,109.100",Guangxi,False,False
Beijing,Beijing,39.9333,116.2833,55,113,30.49646017699115,39.2,19.74513274336283,6.7,508.6005,101.5,113,"Beijing@39.933,116.283",Beijing,False,False
Bengbu,Anhui,32.95,117.3667,22,113,32.428318584070794,38.6,22.605309734513273,9.8,444.20099999999996,138.1,113,"Bengbu@32.950,117.367",Anhui,False,False
Benxi,Liaoning,41.3167,123.7833,183,113,26.441592920353983,33.7,17.22920353982301,2.2,578.4007,75.6,113,"Benxi@41.317,123.783",Liaoning,False,False
Bijie,Guizhou,27.3,105.2333,1511,113,26.046017699115044,34.6,16.986725663716815,5.4,335.0009,37.3,113,"Bijie@27.300,105.233",Guizhou,False,False
Boxian,Anhui,33.8833,115.7667,42,113,32.96725663716814,40.0,23.050442477876103,7.0,638.1001,219.2,113,"Boxian@33.883,115.767",Anhui,False,False
Bugt,Nei Mongol,42.3333,120.7,401,113,26.138938053097345,34.0,15.353982300884956,-0.3,350.4,75.1,113,"Bugt@42.333,120.700",Nei Mongol,False,True
Bugt,Nei Mongol,48.7667,121.9167,739,113,22.143362831858404,31.1,9.060176991150442,-6.7,415.5005,83.5,113,"Bugt@48.767,121.917",Nei Mongol,False,True
Chang Dao,Shandong,37.9333,120.7167,43,113,26.37079646017699,36.5,19.875221238938053,7.4,427.6007,69.2,113,"Chang Dao@37.933,120.717",Shandong,False,False
Changbai,Jilin,41.35,128.1667,1018,113,23.47699115044248,31.3,11.599115044247789,-3.2,693.9011,75.8,113,"Changbai@41.350,128.167",Jilin,False,False
Changchun,Jilin,43.9,125.2167,238,113,25.671681415929203,32.6,16.643362831858408,-1.5,499.4008,51.2,113,"Changchun@43.900,125.217",Jilin,False,False
Changde,Hunan,29.05,111.6833,35,113,31.915044247787613,41.7,23.3858407079646,10.8,486.40000000000003,76.4,113,"Changde@29.050,111.683",Hunan,False,False
Changling,Jilin,44.25,123.9667,190,113,25.812389380530973,32.8,16.60353982300885,0.0,506.8005,57.9,113,"Changling@44.250,123.967",Jilin,False,False
Changsha,Hunan,28.2333,112.8667,68,113,31.060176991150446,39.6,23.18141592920354,10.8,595.8,62.6,113,"Changsha@28.233,112.867",Hunan,False,False
Changting,Fujian,25.85,116.3667,311,113,31.127433628318585,39.1,22.145132743362833,11.0,891.5,165.1,113,"Changting@25.850,116.367",Fujian,False,False
Chaoyang,Liaoning,41.55,120.45,176,113,28.379646017699116,35.0,17.105309734513273,0.7,406.8,66.0,113,"Chaoyang@41.550,120.450",Liaoning,False,False
Chengde,Hebei,40.9667,117.9333,374,113,29.14070796460177,36.4,16.167256637168144,1.9,260.0004,31.6,113,"Chengde@40.967,117.933",Hebei,False,False
Chengshantou,Shandong,37.4,122.6833,47,113,22.850442477876104,31.7,18.058407079646017,9.4,518.6006,81.9,113,"Chengshantou@37.400,122.683",Shandong,False,False
Chenzhou,Hunan,25.8,113.0333,185,113,29.746902654867256,38.3,22.580530973451328,11.5,732.8,96.4,113,"Chenzhou@25.800,113.033",Hunan,False,False
Chifeng,Nei Mongol,42.2667,118.9667,572,113,26.924778761061948,36.5,15.053982300884956,0.8,279.59999999999997,75.3,113,"Chifeng@42.267,118.967",Nei Mongol,False,False
Chongqing,Sichuan,29.5167,106.4833,351,113,33.1787610619469,43.7,25.325663716814162,13.1,621.2,97.4,113,"Chongqing@29.517,106.483",Sichuan,False,False
Chuxiong,Yunnan,25.0167,101.5333,1773,113,26.332743362831856,31.2,17.639823008849557,8.1,476.8002,94.5,113,"Chuxiong@25.017,101.533",Yunnan,False,False
Da Xian,Sichuan,31.2,107.5,311,113,32.97079646017699,42.4,23.627433628318585,11.7,376.6,62.9,113,"Da Xian@31.200,107.500",Sichuan,False,False
Da-Qaidam,Qinghai,37.85,95.3667,3174,113,22.313274336283186,31.3,9.134513274336284,-8.4,45.2002,15.8,113,"Da-Qaidam@37.850,95.367",Qinghai,False,False
Dachen Dao,Zhejiang,28.45,121.8833,84,113,25.90884955752212,32.4,22.45575221238938,12.4,425.90000000000003,47.6,113,"Dachen Dao@28.450,121.883",Zhejiang,False,False
Dali,Yunnan,25.7,100.1833,1992,113,25.138053097345132,30.4,15.916814159292034,6.5,464.00100000000003,39.5,113,"Dali@25.700,100.183",Yunnan,False,False
Dalian,Liaoning,38.9,121.6333,97,113,25.418584070796463,32.7,19.35929203539823,7.9,451.6003,46.4,113,"Dalian@38.900,121.633",Liaoning,False,False
Dandong,Liaoning,40.05,124.3333,14,113,25.27699115044248,33.0,17.57079646017699,4.3,846.7004000000001,103.0,113,"Dandong@40.050,124.333",Liaoning,False,False
Danxian,Hainan,19.5167,109.5833,169,113,32.809734513274336,36.7,24.986725663716815,17.0,1240.4,152.5,113,"Danxian@19.517,109.583",Hainan,False,False
Daocheng,Sichuan,29.05,100.3,3729,113,19.36283185840708,25.6,7.657522123893805,0.0,329.1,32.2,113,"Daocheng@29.050,100.300",Sichuan,False,False
Darlag,Qinghai,33.75,99.65,3968,113,16.494690265486728,25.9,3.531858407079646,-8.5,287.8,21.0,113,"Darlag@33.750,99.650",Qinghai,False,False
Datong,Shanxi,40.1,113.3333,1069,113,27.984070796460177,36.1,11.951327433628318,-2.7,342.20029999999997,70.8,113,"Datong@40.100,113.333",Shanxi,False,False
Dawu,Sichuan,30.9833,101.1167,2959,113,25.057522123893804,34.2,9.367256637168142,0.6,321.4,24.0,113,"Dawu@30.983,101.117",Sichuan,False,False
Dege,Sichuan,31.7333,98.5667,3204,113,23.583185840707966,31.9,8.694690265486726,0.3,346.09999999999997,26.7,113,"Dege@31.733,98.567",Sichuan,False,False
Delingha,Qinghai,37.3667,97.3667,2982,113,22.68407079646018,32.0,10.676991150442477,-3.4,155.2006,30.9,113,"Delingha@37.367,97.367",Qinghai,False,False
Dengqen,Xizang,31.4167,95.6,3874,113,19.972566371681417,27.6,6.523008849557522,-4.4,254.89999999999998,33.9,113,"Dengqen@31.417,95.600",Xizang,False,False
Deqen,Yunnan,28.5,98.9,3488,113,18.93362831858407,25.5,9.035398230088495,1.6,341.5001,33.5,113,"Deqen@28.500,98.900",Yunnan,False,False
Dinghai,Zhejiang,30.0333,122.1167,37,113,29.42920353982301,40.6,22.45221238938053,10.1,283.8008,30.9,113,"Dinghai@30.033,122.117",Zhejiang,False,False
Dingtao,Shandong,35.0667,115.5667,49,113,31.741592920353984,40.3,21.553982300884954,5.1,603.0006,133.7,113,"Dingtao@35.067,115.567",Shandong,False,False
Dongfang,Hainan,19.1,108.6167,8,113,31.97522123893805,34.9,27.154867256637168,19.0,448.8,106.6,113,"Dongfang@19.100,108.617",Hainan,False,False
Dongsheng,Nei Mongol,39.8333,109.9833,1459,113,25.68849557522124,33.7,15.509734513274335,1.9,342.9,47.7,113,"Dongsheng@39.833,109.983",Nei Mongol,False,False
Dongtai,Jiangsu,32.8667,120.3167,5,113,31.5929203539823,38.8,22.584955752212387,10.2,284.4,77.3,113,"Dongtai@32.867,120.317",Jiangsu,False,False
Dulan,Qinghai,36.3,98.1,3192,113,20.938053097345133,31.2,8.47787610619469,-4.7,152.2002,32.7,113,"Dulan@36.300,98.100",Qinghai,False,False
Dunhua,Jilin,43.3667,128.2,526,113,23.702654867256637,32.6,13.338053097345133,-3.0,422.0002,35.0,113,"Dunhua@43.367,128.200",Jilin,False,False
Dunhuang,Gansu,40.15,94.6833,1140,113,32.73451327433628,40.0,17.201769911504424,3.6,1.2013,0.6,113,"Dunhuang@40.150,94.683",Gansu,False,False
Duolun,Nei Mongol,42.1833,116.4667,1247,113,24.302654867256635,33.6,10.261946902654866,-4.3,206.5,40.5,113,"Duolun@42.183,116.467",Nei Mongol,False,False
Dushan,Guizhou,25.8333,107.55,1018,113,26.716814159292035,33.7,19.50353982300885,9.1,536.5001,87.6,113,"Dushan@25.833,107.550",Guizhou,False,False
Ejin Qi,Nei Mongol,41.95,101.0667,941,113,32.9646017699115,41.7,18.9141592920354,4.6,4.2001,2.2,113,"Ejin Qi@41.950,101.067",Nei Mongol,False,False
Emei Shan,Sichuan,29.5167,103.3333,3049,113,14.478761061946901,21.8,8.169026548672566,-6.5,742.2003,138.1,113,"Emei Shan@29.517,103.333",Sichuan,False,False
Enshi,Hubei,30.2833,109.4667,458,113,32.11858407079646,41.8,22.56283185840708,11.6,365.5,33.1,113,"Enshi@30.283,109.467",Hubei,False,False
Erenhot,Nei Mongol,43.65,112.0,966,113,28.18230088495575,38.8,13.953097345132743,-1.2,98.2,32.2,113,"Erenhot@43.650,112.000",Nei Mongol,False,False
Fangxian,Hubei,32.0333,110.7667,435,113,33.09911504424779,42.4,20.430973451327432,6.4,148.7,28.6,113,"Fangxian@32.033,110.767",Hubei,False,False
Fengjie,Sichuan,31.05,109.5,607,113,34.18230088495575,44.4,23.29646017699115,12.2,250.5,45.4,113,"Fengjie@31.050,109.500",Sichuan,False,False
Fengning,Hebei,41.2167,116.6333,661,113,28.37079646017699,37.9,13.363716814159291,-1.0,210.00039999999998,30.2,113,"Fengning@41.217,116.633",Hebei,False,False
Fengxiang,Shaanxi,34.5167,107.3833,781,113,29.615044247787612,39.2,18.441592920353983,4.7,276.3,50.1,113,"Fengxiang@34.517,107.383",Shaanxi,False,False
Fezxzan,Shandong,35.25,117.95,120,113,31.31769911504425,38.3,21.341592920353982,7.2,579.5002,116.9,113,"Fezxzan@35.250,117.950",Shandong,False,False
Fogang,Guangdong,23.8667,113.5333,68,113,31.265486725663717,38.0,23.792035398230087,13.5,1938.3,183.1,113,"Fogang@23.867,113.533",Guangdong,False,False
Fuding,Fujian,27.3333,120.2,38,113,31.038938053097347,40.7,23.086725663716816,10.2,808.1,145.9,113,"Fuding@27.333,120.200",Fujian,False,False
Fujin,Heilongjiang,47.2333,131.9833,65,113,24.53008849557522,32.2,15.064601769911505,2.1,266.2,33.8,113,"Fujin@47.233,131.983",Heilongjiang,False,False
Fuyang,Anhui,32.9333,115.8333,39,113,32.86637168141593,39.6,22.906194690265487,9.5,312.6,48.8,113,"Fuyang@32.933,115.833",Anhui,False,False
Fuyun,Xinjiang,46.9833,89.5167,827,113,28.238938053097346,37.4,15.068141592920355,4.5,37.3005,18.8,113,"Fuyun@46.983,89.517",Xinjiang,False,False
Fuzhou,Fujian,26.0833,119.2833,85,113,31.646902654867255,41.9,23.915044247787613,11.6,741.0,44.3,113,"Fuzhou@26.083,119.283",Fujian,False,False
Gangca,Qinghai,37.3333,100.1333,3310,113,16.710619469026547,25.2,5.801769911504425,-6.9,304.9005,29.2,113,"Gangca@37.333,100.133",Qinghai,False,False
Ganyu,Jiangsu,34.8333,119.1333,10,113,30.18230088495575,37.8,22.12300884955752,7.4,814.7,107.9,113,"Ganyu@34.833,119.133",Jiangsu,False,False
Ganzhou,Jiangxi,25.85,114.95,125,113,31.856637168141596,39.7,24.21858407079646,13.0,509.7,73.5,113,"Ganzhou@25.850,114.950",Jiangxi,False,False
Gaoyao,Guangdong,23.05,112.4667,12,113,31.627433628318585,38.8,24.67699115044248,15.3,946.7001,79.3,113,"Gaoyao@23.050,112.467",Guangdong,False,False
Garze,Sichuan,31.6167,100.0,3394,113,22.18053097345133,30.3,8.538053097345133,-0.5,263.0,17.9,113,"Garze@31.617,100.000",Sichuan,False,False
Gengma,Yunnan,23.55,99.4,1104,113,29.401769911504427,34.1,19.906194690265487,14.8,604.4002,41.4,113,"Gengma@23.550,99.400",Yunnan,False,False
Golmud,Qinghai,36.4167,94.9,2809,113,24.883185840707966,36.1,12.034513274336284,-3.4,22.7008,6.2,113,"Golmud@36.417,94.900",Qinghai,False,False
Guaizihu,Nei Mongol,41.3667,102.3667,960,113,33.04159292035398,41.8,18.992035398230087,0.9,17.8003,5.3,113,"Guaizihu@41.367,102.367",Nei Mongol,False,False
Guangchang,Jiangxi,26.85,116.3333,142,113,31.45575221238938,39.3,22.720353982300885,11.5,478.7,60.5,113,"Guangchang@26.850,116.333",Jiangxi,False,False
Guanghua,Hubei,32.3833,111.6667,91,113,32.78230088495575,41.1,21.84070796460177,10.2,142.3,41.3,113,"Guanghua@32.383,111.667",Hubei,False,False
Guangnan,Yunnan,24.0667,105.0667,1251,113,27.841592920353982,34.5,19.22920353982301,9.5,627.1,100.7,113,"Guangnan@24.067,105.067",Yunnan,False,False
Guangzhou,Guangdong,23.1667,113.3333,8,113,31.558407079646017,38.1,24.287610619469028,13.7,1142.9007,78.2,113,"Guangzhou@23.167,113.333",Guangdong,False,False
Guilin,Guangxi,25.3333,110.3,166,113,31.06637168141593,38.9,24.004424778761063,12.0,1209.3999999999999,121.2,113,"Guilin@25.333,110.300",Guangxi,False,False
Guinan,Qinghai,35.5833,100.75,3109,113,20.970796460176988,31.5,7.04424778761062,-7.1,211.7,18.7,113,"Guinan@35.583,100.750",Qinghai,False,False
Guiping,Guangxi,23.4,110.0833,44,113,30.81150442477876,36.8,24.26991150442478,14.6,961.8,83.0,113,"Guiping@23.400,110.083",Guangxi,False,False
Guiyang,Guizhou,26.5833,106.7167,1074,113,26.22300884955752,34.9,18.979646017699114,8.3,622.9005,86.5,113,"Guiyang@26.583,106.717",Guizhou,False,False
Gushi,Henan,32.1667,115.6667,58,113,31.772566371681418,38.8,22.941592920353983,11.8,270.90000000000003,63.1,113,"Gushi@32.167,115.667",Henan,False,False
Haikou,Hainan,20.0333,110.35,15,113,32.51327433628319,36.6,25.491150442477878,17.4,842.8,74.7,113,"Haikou@20.033,110.350",Hainan,False,False
Hailar,Nei Mongol,49.2167,119.75,611,113,23.391150442477876,34.0,11.501769911504425,-4.5,244.70000000000002,39.4,113,"Hailar@49.217,119.750",Nei Mongol,False,False
Hails,Nei Mongol,41.45,106.3833,1510,113,26.77079646017699,35.2,15.256637168141593,-2.9,80.8,26.0,113,"Hails@41.450,106.383",Nei Mongol,False,False
Hailun,Heilongjiang,47.4333,126.9667,240,113,24.55929203539823,31.1,14.012389380530974,-0.5,282.9,32.9,113,"Hailun@47.433,126.967",Heilongjiang,False,False
Haiyang,Shandong,36.7667,121.1667,64,113,26.970796460176988,34.9,20.064601769911505,8.0,652.1002,87.2,113,"Haiyang@36.767,121.167",Shandong,False,False
Haliut,Nei Mongol,41.5667,108.5167,1290,113,26.94070796460177,35.0,14.441592920353983,-1.5,123.9,41.2,113,"Haliut@41.567,108.517",Nei Mongol,False,False
Hami,Xinjiang,42.8167,93.5167,739,113,34.56991150442478,41.7,19.841592920353982,8.1,1.1018,0.6,113,"Hami@42.817,93.517",Xinjiang,False,False
Hangzhou,Zhejiang,30.2333,120.1667,43,113,32.86991150442478,41.8,23.85929203539823,12.2,492.0,57.0,113,"Hangzhou@30.233,120.167",Zhejiang,False,False
Hanzhong,Shaanxi,33.0667,107.0333,509,113,31.731858407079645,40.4,22.027433628318583,9.3,369.9003,72.4,113,"Hanzhong@33.067,107.033",Shaanxi,False,False
Harbin,Heilongjiang,45.75,126.7667,143,113,25.442477876106196,34.1,15.943362831858407,1.0,413.3,48.9,113,"Harbin@45.750,126.767",Heilongjiang,False,False
Hechi,Guangxi,24.7,108.05,214,113,30.970796460176988,37.6,23.75132743362832,13.9,929.0,138.4,113,"Hechi@24.700,108.050",Guangxi,False,False
Hefei,Anhui,31.8667,117.2333,36,113,32.607079646017695,40.1,22.430973451327432,8.2,212.6,48.9,113,"Hefei@31.867,117.233",Anhui,False,False
Henan,Qinghai,34.7333,101.6,3513,113,17.421238938053097,26.9,3.9469026548672566,-8.7,259.6004,26.0,113,"Henan@34.733,101.600",Qinghai,False,False
Hengchun,Taiwan,22.0,120.75,24,113,,,,,663.1008,176.5,0,"Hengchun@22.000,120.750",Taiwan,False,False
Hequ,Shanxi,39.3833,111.15,861,113,28.756637168141594,37.1,15.942477876106194,2.8,360.2007,51.3,113,"Hequ@39.383,111.150",Shanxi,False,False
Heyuan,Guangdong,23.7333,114.6833,41,113,31.648672566371683,38.3,24.711504424778763,14.4,1253.5,100.3,113,"Heyuan@23.733,114.683",Guangdong,False,False
Hezuo,Gansu,35.0,102.9,2910,113,20.73274336283186,30.3,6.349557522123894,-7.0,229.2011,20.6,113,"Hezuo@35.000,102.900",Gansu,False,False
Hoboksar,Xinjiang,46.7833,85.7167,1294,113,24.830973451327434,34.0,12.449557522123893,3.0,50.2001,6.7,113,"Hoboksar@46.783,85.717",Xinjiang,False,False
Hohhot,Nei Mongol,40.8167,111.6833,1065,113,27.578761061946903,35.3,14.299115044247786,0.4,176.6,37.1,113,"Hohhot@40.817,111.683",Nei Mongol,False,False
Hotan,Xinjiang,37.1333,79.9333,1375,113,31.378761061946904,40.6,21.17345132743363,11.4,33.601,11.2,113,"Hotan@37.133,79.933",Xinjiang,False,False
Hua Shan,Shaanxi,34.4833,110.0833,2063,113,20.957522123893803,28.6,14.41504424778761,-0.6,466.1,91.4,113,"Hua Shan@34.483,110.083",Shaanxi,False,False
Huade,Nei Mongol,41.9,114.0,1484,113,24.04778761061947,33.7,12.216814159292035,-1.9,170.4,21.2,113,"Huade@41.900,114.000",Nei Mongol,False,False
Huadian,Jilin,42.9833,126.75,264,113,25.674336283185838,33.5,15.057522123893806,-0.9,553.6005,47.9,113,"Huadian@42.983,126.750",Jilin,False,False
Huailai,Hebei,40.4,115.5,538,113,29.427433628318585,38.4,17.065486725663717,5.3,238.9006,38.0,113,"Huailai@40.400,115.500",Hebei,False,False
Huaiyin,Jiangsu,33.6667,119.0333,14,113,31.29469026548673,37.7,22.257522123893803,7.3,334.2,43.3,113,"Huaiyin@33.667,119.033",Jiangsu,False,False
Huajialing,Gansu,35.3833,105.0,2450,113,20.02477876106195,27.1,11.019469026548673,-0.9,212.60000000000002,35.1,113,"Huajialing@35.383,105.000",Gansu,False,False
Huang Shan,Anhui,30.1333,118.15,1836,113,19.865486725663718,26.8,14.01150442477876,1.0,728.4002,95.7,113,"Huang Shan@30.133,118.150",Anhui,False,False
Huili,Sichuan,26.65,102.25,1788,113,26.256637168141594,32.0,16.824778761061946,6.3,540.2,57.3,113,"Huili@26.650,102.250",Sichuan,False,False
Huimin,Shandong,37.5,117.5333,12,113,30.456637168141594,39.2,20.500884955752213,5.7,595.5,123.6,113,"Huimin@37.500,117.533",Shandong,False,False
Huize,Yunnan,26.4167,103.2833,2110,113,23.527433628318583,30.4,13.908849557522124,1.2,426.1,34.9,113,"Huize@26.417,103.283",Yunnan,False,False
Hulin,Heilongjiang,45.7667,132.9667,103,113,23.785840707964603,30.8,14.849557522123893,3.2,250.9,40.6,113,"Hulin@45.767,132.967",Heilongjiang,False,False
Huma,Heilongjiang,51.7167,126.65,179,113,24.264601769911504,32.0,11.13716814159292,-6.3,294.7016,34.1,113,"Huma@51.717,126.650",Heilongjiang,False,False
Huoshan,Anhui,31.4,116.3333,68,113,32.87345132743363,41.4,22.350442477876104,10.4,299.9004,81.0,113,"Huoshan@31.400,116.333",Anhui,False,False
Jartai,Nei Mongol,39.7833,105.75,1033,113,31.479646017699114,39.8,17.353982300884955,3.5,70.2002,19.8,113,"Jartai@39.783,105.750",Nei Mongol,False,False
Jarud Qi,Nei Mongol,44.5667,120.9,266,113,27.016814159292036,35.2,16.115044247787612,2.5,443.9004,59.0,113,"Jarud Qi@44.567,120.900",Nei Mongol,False,False
Ji'an,Jiangxi,27.1167,114.9667,78,113,32.25929203539823,40.4,24.76637168141593,12.6,403.9,55.1,113,"Ji'an@27.117,114.967",Jiangxi,False,True
Ji'an,Jilin,41.1,126.15,179,113,26.027433628318583,35.8,15.838053097345133,0.6,715.4005,77.7,113,"Ji'an@41.100,126.150",Jilin,False,True
Jiangcheng,Yunnan,22.6167,101.8167,1121,113,26.457522123893803,30.9,18.95221238938053,11.9,1083.7,76.6,113,"Jiangcheng@22.617,101.817",Yunnan,False,False
Jiangling,Hubei,30.3333,112.1833,33,113,31.693805309734515,39.2,23.663716814159294,11.9,507.5,90.0,113,"Jiangling@30.333,112.183",Hubei,False,False
Jiexiu,Shanxi,37.05,111.9333,750,113,29.846902654867254,38.9,17.064601769911505,4.4,258.3001,38.5,113,"Jiexiu@37.050,111.933",Shanxi,False,False
Jinan,Shandong,36.6833,116.9833,58,113,31.38407079646018,40.0,22.33805309734513,10.3,552.2002,82.6,113,"Jinan@36.683,116.983",Shandong,False,False
Jingdezhen,Jiangxi,29.3,117.2,60,113,32.114159292035396,40.2,23.3858407079646,11.7,839.1,241.0,113,"Jingdezhen@29.300,117.200",Jiangxi,False,False
Jinghe,Shaanxi,34.4333,108.9667,411,113,32.435398230088495,40.4,21.779646017699115,10.4,277.2001,59.8,113,"Jinghe@34.433,108.967",Shaanxi,False,True
Jinghe,Xinjiang,44.6167,82.9,321,113,31.71858407079646,40.5,19.68141592920354,12.7,56.3017,21.2,113,"Jinghe@44.617,82.900",Xinjiang,False,True
Jinghong,Yunnan,22.0167,100.8,553,113,32.23893805309734,36.7,22.799115044247788,18.3,699.2,65.3,113,"Jinghong@22.017,100.800",Yunnan,False,False
Jining,Nei Mongol,41.0333,113.0667,1416,113,25.434513274336283,34.1,12.09203539823009,-0.6,180.0,26.9,113,"Jining@41.033,113.067",Nei Mongol,False,False
Jinzhou,Liaoning,41.1333,121.1167,70,113,27.160176991150443,34.8,18.776106194690264,5.1,474.4009,119.5,113,"Jinzhou@41.133,121.117",Liaoning,False,False
Jiulong,Sichuan,29.0,101.5,2994,113,21.938053097345133,28.8,10.402654867256636,1.7,528.4,34.1,113,"Jiulong@29.000,101.500",Sichuan,False,False
Jiuquan,Gansu,39.7667,98.4833,1478,113,28.231858407079645,37.8,15.198230088495576,1.5,28.6,6.3,113,"Jiuquan@39.767,98.483",Gansu,False,False
Jiuxian Shan,Fujian,25.7167,118.1,1651,113,21.4070796460177,29.4,15.745132743362833,3.8,878.9003,80.8,113,"Jiuxian Shan@25.717,118.100",Fujian,False,False
Jixi,Heilongjiang,45.2833,130.95,234,113,24.504424778761063,33.7,14.36283185840708,0.1,385.8019,36.1,113,"Jixi@45.283,130.950",Heilongjiang,False,False
Jurh,Nei Mongol,42.4,112.9,1152,113,27.358407079646017,36.5,14.567256637168141,-0.4,97.3,17.3,113,"Jurh@42.400,112.900",Nei Mongol,False,False
Kaba He,Xinjiang,48.05,86.35,534,113,28.108849557522124,37.6,14.585840707964602,3.6,34.7009,12.1,113,"Kaba He@48.050,86.350",Xinjiang,False,False
Kangding,Sichuan,30.05,101.9667,2617,113,20.594690265486722,28.5,11.222123893805309,-0.1,425.4,34.7,113,"Kangding@30.050,101.967",Sichuan,False,False
Karamay,Xinjiang,45.6,84.85,428,113,31.65575221238938,39.6,21.035398230088497,12.5,44.8009,14.5,113,"Karamay@45.600,84.850",Xinjiang,False,False
Kashi,Xinjiang,39.4667,75.9833,1291,113,29.906194690265487,38.8,18.91061946902655,10.5,45.301,13.3,113,"Kashi@39.467,75.983",Xinjiang,False,False
Keshan,Heilongjiang,48.05,125.8833,237,113,24.078761061946903,30.8,13.864601769911506,-0.6,332.0,72.4,113,"Keshan@48.050,125.883",Heilongjiang,False,False
Korla,Xinjiang,41.75,86.1333,933,113,32.336283185840706,39.1,18.658407079646018,8.5,26.8015,9.1,113,"Korla@41.750,86.133",Xinjiang,False,False
Kuandian,Liaoning,40.7167,124.7833,261,113,25.075221238938052,34.0,15.85929203539823,-0.3,793.8,141.0,113,"Kuandian@40.717,124.783",Liaoning,False,False
Kunming,Yunnan,25.0167,102.6833,1892,113,24.891150442477876,30.3,17.07787610619469,7.3,553.6,45.7,113,"Kunming@25.017,102.683",Yunnan,False,False
Kuqa,Xinjiang,41.7167,82.95,1100,113,31.601769911504423,39.4,17.719469026548673,6.8,34.5018,8.3,113,"Kuqa@41.717,82.950",Xinjiang,False,False
Lan Yu,Taiwan,22.0333,121.55,325,113,,,,,773.6007,73.0,0,"Lan Yu@22.033,121.550",Taiwan,False,False
Lancang,Yunnan,22.5667,99.9333,1054,113,29.484070796460177,33.5,20.861946902654868,16.9,784.4001000000001,65.2,113,"Lancang@22.567,99.933",Yunnan,False,False
Langzhong,Sichuan,31.5833,105.9667,385,113,32.730088495575224,42.3,22.961946902654866,11.2,210.0,35.5,113,"Langzhong@31.583,105.967",Sichuan,False,False
Lenghu,Qinghai,38.8333,93.3833,2734,113,24.40884955752212,35.2,9.146017699115044,-8.9,18.6001,6.0,113,"Lenghu@38.833,93.383",Qinghai,False,False
Leting,Hebei,39.4333,118.9,12,113,28.987610619469027,36.1,19.873451327433628,6.5,371.2001,51.0,113,"Leting@39.433,118.900",Hebei,False,False
Lhasa,Xizang,29.6667,91.1333,3650,113,23.969026548672566,28.8,11.845132743362832,2.5,162.3,23.4,113,"Lhasa@29.667,91.133",Xizang,False,False
Lhunze,Xizang,28.4167,92.4667,3861,113,20.31858407079646,25.0,7.242477876106195,-3.4,165.2,17.3,113,"Lhunze@28.417,92.467",Xizang,False,False
Lian Xian,Guangdong,24.7833,112.3833,98,113,31.70353982300885,39.5,22.988495575221236,10.5,962.7,80.2,113,"Lian Xian@24.783,112.383",Guangdong,False,False
Liangping,Sichuan,30.6833,107.8,455,113,32.150442477876105,42.0,21.95575221238938,10.9,351.2,55.6,113,"Liangping@30.683,107.800",Sichuan,False,False
Lianping,Guangdong,24.3667,114.4833,214,113,30.395575221238936,37.7,22.216814159292035,11.6,1477.0,178.4,113,"Lianping@24.367,114.483",Guangdong,False,False
Lijing,Yunnan,26.8333,100.217,2394,113,23.628318584070797,29.7,14.268141592920353,4.7,577.5009,83.4,113,"Lijing@26.833,100.217",Yunnan,False,False
Lincang,Yunnan,23.95,100.2167,1503,113,26.621238938053096,30.6,17.66991150442478,12.0,486.7,58.8,113,"Lincang@23.950,100.217",Yunnan,False,False
Lindong,Nei Mongol,43.9833,119.4,485,113,26.031858407079646,35.8,14.890265486725664,1.0,296.5005,66.7,113,"Lindong@43.983,119.400",Nei Mongol,False,False
Lingling,Hunan,26.2333,111.6167,174,113,31.1,39.5,23.669026548672566,11.5,502.7,50.9,113,"Lingling@26.233,111.617",Hunan,False,False
Lingxian,Shandong,37.3333,116.5667,19,113,30.691150442477877,41.2,19.993805309734515,6.0,477.6009,79.7,113,"Lingxian@37.333,116.567",Shandong,False,False
Linhai,Zhejiang,28.85,121.1333,9,113,29.586725663716816,39.3,23.2,13.1,431.1,35.3,113,"Linhai@28.850,121.133",Zhejiang,False,False
Linhe,Nei Mongol,40.7667,107.4,1041,113,28.988495575221236,37.3,15.568141592920355,0.4,124.0001,41.1,113,"Linhe@40.767,107.400",Nei Mongol,False,False
Linjiang,Jilin,41.7167,126.9167,333,113,24.953982300884956,34.7,14.748672566371681,-1.0,680.5008,56.6,113,"Linjiang@41.717,126.917",Jilin,False,False
Linxi,Nei Mongol,43.6,118.0667,800,113,25.36725663716814,34.1,11.757522123893805,-4.1,318.0,35.2,113,"Linxi@43.600,118.067",Nei Mongol,False,False
Lishi,Shanxi,37.5,111.1,951,113,29.090265486725663,36.8,16.513274336283185,1.9,456.6002,81.8,113,"Lishi@37.500,111.100",Shanxi,False,False
Lishui,Zhejiang,28.45,119.9167,62,113,32.896460176991155,42.3,22.599115044247785,10.3,569.7,88.0,113,"Lishui@28.450,119.917",Zhejiang,False,False
Litang,Sichuan,30.0,100.2667,3950,113,17.57433628318584,23.9,6.225663716814159,-1.5,421.2,36.3,113,"Litang@30.000,100.267",Sichuan,False,False
Liuzhou,Guangxi,24.35,109.4,97,113,29.61769911504425,37.4,23.138938053097345,12.4,914.5,101.0,113,"Liuzhou@24.350,109.400",Guangxi,False,False
Liyang,Jiangsu,31.4333,119.4833,8,113,33.04336283185841,41.2,23.338938053097348,11.6,162.6,52.5,113,"Liyang@31.433,119.483",Jiangsu,False,False
Longkou,Shandong,37.6167,120.3167,5,113,28.73716814159292,39.2,20.993805309734515,5.5,492.5007,78.7,113,"Longkou@37.617,120.317",Shandong,False,False
Longzhou,Guangxi,22.3667,106.75,129,113,32.846017699115045,38.1,24.38849557522124,15.2,772.5,81.6,113,"Longzhou@22.367,106.750",Guangxi,False,False
Lu Shan,Jiangxi,29.5833,115.9833,1165,113,24.995575221238937,31.4,18.606194690265486,5.1,545.3,90.6,113,"Lu Shan@29.583,115.983",Jiangxi,False,False
Luodian,Guizhou,25.4333,106.7667,441,113,31.59646017699115,38.2,22.163716814159294,12.7,667.8,89.3,113,"Luodian@25.433,106.767",Guizhou,False,False
Lushi,Henan,34.05,111.0333,570,113,31.378761061946904,40.0,18.005309734513272,4.4,226.5,36.0,113,"Lushi@34.050,111.033",Henan,False,False
Lusi,Jiangsu,32.0667,121.6,10,113,29.650442477876105,38.2,22.701769911504428,10.9,352.0005,74.2,113,"Lusi@32.067,121.600",Jiangsu,False,False
Luxi,Yunnan,24.5333,103.7667,1708,113,25.664601769911503,30.5,16.94070796460177,6.9,600.4,62.9,113,"Luxi@24.533,103.767",Yunnan,False,False
Macheng,Hubei,31.1833,114.9667,59,113,32.30442477876106,40.3,23.04424778761062,12.0,512.0,92.7,113,"Macheng@31.183,114.967",Hubei,False,False
Madoi,Qinghai,34.9167,98.2167,4273,113,14.124778761061947,24.4,1.943362831858407,-12.9,169.6005,15.1,113,"Madoi@34.917,98.217",Qinghai,False,False
Mandal,Nei Mongol,42.5333,110.1333,1223,113,27.3858407079646,36.4,14.917699115044249,0.3,87.8,11.9,113,"Mandal@42.533,110.133",Nei Mongol,False,False
Mangnai,Qinghai,38.25,90.85,2945,113,23.215044247787613,31.7,9.927433628318584,-7.2,43.9009,13.5,113,"Mangnai@38.250,90.850",Qinghai,False,False
Mazong Shan,Gansu,41.8,97.0333,1770,113,26.824778761061946,33.9,12.744247787610618,-2.4,8.5006,1.8,113,"Mazong Shan@41.800,97.033",Gansu,False,False
Mei Xian,Guangdong,24.3,116.1167,84,113,31.676106194690266,39.1,23.565486725663717,14.1,975.3008,86.7,113,"Mei Xian@24.300,116.117",Guangdong,False,False
Mengjin,Henan,34.8333,112.4333,325,113,31.304424778761064,41.1,21.70530973451327,7.5,315.4003,103.8,113,"Mengjin@34.833,112.433",Henan,False,False
Mengla,Yunnan,21.5,101.5833,633,113,31.48053097345133,36.3,22.192035398230086,15.3,942.9,83.2,113,"Mengla@21.500,101.583",Yunnan,False,False
Mengshan,Guangxi,24.2,110.5167,145,113,30.626548672566372,37.5,23.080530973451328,10.3,1585.1,93.1,113,"Mengshan@24.200,110.517",Guangxi,False,False
Mengzi,Yunnan,23.3833,103.3833,1302,113,28.0858407079646,33.3,19.738053097345134,12.8,338.7004,40.8,113,"Mengzi@23.383,103.383",Yunnan,False,False
Mianyang,Sichuan,31.4667,104.6833,472,113,31.61150442477876,41.0,22.741592920353984,12.5,246.1,49.3,113,"Mianyang@31.467,104.683",Sichuan,False,False
Minqin,Gansu,38.6333,103.0833,1367,113,29.500884955752213,38.0,16.61946902654867,2.9,121.5013,49.9,113,"Minqin@38.633,103.083",Gansu,False,False
Mohe,Heilongjiang,53.4667,122.3667,297,113,23.004424778761063,32.3,7.734513274336283,-10.4,301.0,36.8,113,"Mohe@53.467,122.367",Heilongjiang,False,False
Mudanjiang,Heilongjiang,44.5667,129.6,242,113,25.26725663716814,34.5,13.89557522123894,-0.2,366.8005,43.3,113,"Mudanjiang@44.567,129.600",Heilongjiang,False,False
Nagqu,Xizang,31.4833,92.0667,4508,113,16.335398230088497,24.1,3.475221238938053,-9.8,182.0,20.8,113,"Nagqu@31.483,92.067",Xizang,False,False
Nanchang,Jiangxi,28.6,115.9167,50,113,31.648672566371683,39.4,24.7070796460177,12.3,645.0005,115.2,113,"Nanchang@28.600,115.917",Jiangxi,False,False
Nancheng,Jiangxi,27.5833,116.65,82,113,31.956637168141594,40.5,24.05132743362832,12.9,588.5,113.6,113,"Nancheng@27.583,116.650",Jiangxi,False,False
Nanchong,Sichuan,30.8,106.0833,310,113,31.930973451327432,42.3,22.864601769911502,11.8,390.3,59.7,113,"Nanchong@30.800,106.083",Sichuan,False,False
Nanjing,Jiangsu,32.0,118.8,12,113,32.396460176991155,40.4,23.72212389380531,11.9,241.9,134.5,113,"Nanjing@32.000,118.800",Jiangsu,False,False
Nanning,Guangxi,22.8167,108.35,73,113,31.25132743362832,37.4,24.065486725663717,14.7,519.3,73.6,113,"Nanning@22.817,108.350",Guangxi,False,False
Nanping,Fujian,26.65,118.1667,128,113,32.075221238938056,39.9,23.30353982300885,13.1,945.0,112.5,113,"Nanping@26.650,118.167",Fujian,False,False
Nanyang,Henan,33.0333,112.5833,131,113,32.7070796460177,40.5,21.736283185840705,7.7,273.3002,64.0,113,"Nanyang@33.033,112.583",Henan,False,False
Nanyue,Hunan,27.3,112.7,1279,113,23.29115044247788,32.5,17.98230088495575,4.6,983.0001,105.6,113,"Nanyue@27.300,112.700",Hunan,False,False
Naomaohu,Xinjiang,43.6,95.1333,469,113,35.37433628318584,43.0,22.278761061946902,9.4,0.40080000000000005,0.2,113,"Naomaohu@43.600,95.133",Xinjiang,False,False
Napo,Guangxi,23.3,105.95,794,113,27.918584070796463,33.2,20.49646017699115,9.7,689.8,42.4,113,"Napo@23.300,105.950",Guangxi,False,False
Naran Bulag,Nei Mongol,44.6167,114.15,1183,113,25.04424778761062,34.4,10.98495575221239,-4.5,146.7001,22.5,113,"Naran Bulag@44.617,114.150",Nei Mongol,False,False
Naxi,Sichuan,28.7833,105.3833,364,113,31.3141592920354,42.0,23.06283185840708,11.1,545.6,127.5,113,"Naxi@28.783,105.383",Sichuan,False,False
Neijiang,Sichuan,29.6167,105.1167,349,113,32.408849557522124,42.9,22.715929203539822,11.5,453.6,87.4,113,"Neijiang@29.617,105.117",Sichuan,False,False
Nenjiang,Heilongjiang,49.1667,125.2333,243,113,24.72654867256637,31.7,12.936283185840708,-3.1,436.8005,106.6,113,"Nenjiang@49.167,125.233",Heilongjiang,False,False
Nyingchi,Xizang,29.5667,94.4667,3001,113,22.987610619469027,30.5,12.346017699115043,3.9,231.6,24.4,113,"Nyingchi@29.567,94.467",Xizang,False,False
Otog Qi,Nei Mongol,39.1,107.9833,1381,113,27.423008849557522,36.5,14.096460176991151,1.8,324.6,84.0,113,"Otog Qi@39.100,107.983",Nei Mongol,False,False
Pagri,Xizang,27.7333,89.0833,4301,113,12.255752212389382,16.6,3.672566371681416,-3.6,268.8,18.9,113,"Pagri@27.733,89.083",Xizang,False,False
Pengjia Yu,T'ai-pei,25.6333,122.0667,102,113,,,,,587.0008,69.0,0,"Pengjia Yu@25.633,122.067",Taiwan,True,False
Pingliang,Gansu,35.55,106.6667,1348,113,27.04424778761062,34.7,14.627433628318585,1.3,167.1009,22.4,113,"Pingliang@35.550,106.667",Gansu,False,False
Pingtan,Fujian,25.5167,119.7833,31,113,28.322123893805312,34.8,24.008849557522122,13.4,823.3006,149.5,113,"Pingtan@25.517,119.783",Fujian,False,False
Pishan,Xinjiang,37.6167,78.2833,1376,113,31.742477876106197,40.7,18.871681415929203,8.4,12.2012,8.1,113,"Pishan@37.617,78.283",Xinjiang,False,False
Potou,Hebei,38.0833,116.55,13,113,31.27787610619469,41.0,21.383185840707966,8.5,423.3005,160.8,113,"Potou@38.083,116.550",Hebei,False,False
Pucheng,Fujian,27.9167,118.5333,275,113,31.338938053097348,40.1,21.528318584070796,10.4,964.2,144.7,113,"Pucheng@27.917,118.533",Fujian,False,False
Qamdo,Xizang,31.15,97.1667,3307,113,24.5070796460177,33.1,9.394690265486725,0.0,278.5,21.6,113,"Qamdo@31.150,97.167",Xizang,False,False
Qian Gorlos,Jilin,45.1167,124.8333,138,113,25.917699115044247,33.7,16.671681415929203,0.1,432.1001,37.7,113,"Qian Gorlos@45.117,124.833",Jilin,False,False
Qijiaojing,Xinjiang,43.4833,91.6333,874,113,34.04778761061947,42.1,23.279646017699115,11.2,2.4005,1.3,113,"Qijiaojing@43.483,91.633",Xinjiang,False,False
Qingdao,Shandong,36.0667,120.3333,77,113,25.772566371681418,34.7,20.512389380530973,9.8,858.9004,144.9,113,"Qingdao@36.067,120.333",Shandong,False,False
Qinglong,Hebei,40.4,118.95,228,113,28.038053097345134,35.6,16.821238938053096,3.1,581.3004,76.5,113,"Qinglong@40.400,118.950",Hebei,False,False
Qingyuan,Liaoning,42.1,124.95,235,113,26.121238938053096,34.8,15.067256637168141,-1.2,759.1006,51.8,113,"Qingyuan@42.100,124.950",Liaoning,False,False
Qinzhou,Guangxi,21.95,108.6167,6,113,31.016814159292036,36.1,24.667256637168144,15.7,1315.5,111.5,113,"Qinzhou@21.950,108.617",Guangxi,False,False
Qionghai,Hainan,19.2333,110.4667,25,113,32.38141592920354,36.5,25.54513274336283,19.1,737.1,114.4,113,"Qionghai@19.233,110.467",Hainan,False,False
Qiqihar,Heilongjiang,47.3833,123.9167,148,113,25.260176991150445,32.6,15.63362831858407,0.9,445.1,103.9,113,"Qiqihar@47.383,123.917",Heilongjiang,False,False
Qitai,Xinjiang,44.0167,89.5667,794,113,30.293805309734513,39.7,15.63716814159292,7.0,48.7006,10.3,113,"Qitai@44.017,89.567",Xinjiang,False,False
Qu Xian,Zhejiang,28.9667,118.8667,71,113,32.14513274336283,41.2,23.131858407079648,11.3,787.9,152.6,113,"Qu Xian@28.967,118.867",Zhejiang,False,False
Qumarleb,Qinghai,34.1333,95.7833,4176,113,15.634513274336284,25.6,2.6053097345132743,-12.9,297.5007,35.4,113,"Qumarleb@34.133,95.783",Qinghai,False,False
Rizhao,Shandong,35.3833,119.5333,15,113,27.379646017699116,36.2,20.769026548672567,9.7,568.3004,219.9,113,"Rizhao@35.383,119.533",Shandong,False,False
Rongjiang,Guizhou,25.9667,108.5333,287,113,31.720353982300885,40.2,22.620353982300884,12.2,634.6,85.3,113,"Rongjiang@25.967,108.533",Guizhou,False,False
Ruian,Zhejiang,27.7833,120.65,38,113,30.034513274336284,39.7,23.427433628318585,11.6,477.0,53.2,113,"Ruian@27.783,120.650",Zhejiang,False,False
Ruili,Yunnan,24.0167,97.8333,776,113,29.92566371681416,35.1,22.029203539823012,16.5,876.5005,54.9,113,"Ruili@24.017,97.833",Yunnan,False,False
Ruo'Ergai,Sichuan,33.5833,102.9667,3441,113,17.40088495575221,25.5,5.43716814159292,-6.7,303.9,37.5,113,"Ruo'Ergai@33.583,102.967",Sichuan,False,False
Ruoqiang,Xinjiang,39.0333,88.1667,889,113,34.730088495575224,42.9,17.615044247787612,2.1,7.4003000000000005,3.0,113,"Ruoqiang@39.033,88.167",Xinjiang,False,False
Sangzhi,Hunan,29.4,110.1667,322,113,31.757522123893803,40.9,21.709734513274334,10.8,517.9,94.8,113,"Sangzhi@29.400,110.167",Hunan,False,False
Sanhu Dao,Hainan,16.5333,111.6167,5,113,31.571681415929202,33.5,27.31769911504425,23.5,561.6004,120.3,113,"Sanhu Dao@16.533,111.617",Hainan,False,False
Sansui,Guizhou,26.9667,108.6667,611,113,29.20353982300885,37.6,20.375221238938053,9.4,502.3,45.6,113,"Sansui@26.967,108.667",Guizhou,False,False
Sertar,Sichuan,32.2833,100.3333,3896,113,17.808849557522123,26.3,3.5469026548672566,-7.5,310.4,19.3,113,"Sertar@32.283,100.333",Sichuan,False,False
Shache,Xinjiang,38.4333,77.2667,1232,113,31.209734513274334,40.7,19.255752212389382,10.2,38.6021,13.4,113,"Shache@38.433,77.267",Xinjiang,False,False
Shangchuan Dao,Guangdong,21.7333,112.7667,18,113,30.099115044247785,36.6,25.73008849557522,16.2,1578.0003,156.9,113,"Shangchuan Dao@21.733,112.767",Guangdong,False,False
Shanghai,Shanghai,31.4,121.4667,8,113,31.48495575221239,40.0,23.428318584070798,10.0,307.8001,35.8,113,"Shanghai@31.400,121.467",Shanghai,False,False
Shangzhi,Heilongjiang,45.2167,127.9667,191,113,25.283185840707965,33.9,14.802654867256637,-0.5,426.9,42.9,113,"Shangzhi@45.217,127.967",Heilongjiang,False,False
Shantou,Guangdong,23.4,116.6833,3,113,30.9070796460177,37.6,25.59646017699115,15.7,1198.4006,115.8,113,"Shantou@23.400,116.683",Guangdong,False,False
Shanwei,Guangdong,22.7833,115.3667,5,113,29.825663716814162,33.7,25.554867256637166,16.2,1385.4,115.3,113,"Shanwei@22.783,115.367",Guangdong,False,False
Shaoguan,Guangdong,24.8,113.5833,68,113,31.1070796460177,39.6,23.34424778761062,10.8,1445.7001,227.5,113,"Shaoguan@24.800,113.583",Guangdong,False,False
Shaowu,Fujian,27.3333,117.4333,192,113,31.81504424778761,39.5,22.147787610619467,11.1,954.9,109.1,113,"Shaowu@27.333,117.433",Fujian,False,False
Shaoyang,Hunan,27.2333,111.4667,248,113,30.263716814159295,38.5,22.330973451327434,11.0,494.1,63.7,113,"Shaoyang@27.233,111.467",Hunan,False,False
Shengsi,Zhejiang,30.7333,122.45,81,113,27.25486725663717,36.8,22.46991150442478,12.8,248.1009,37.0,113,"Shengsi@30.733,122.450",Zhejiang,False,False
Shengxian,Zhejiang,29.6,120.8167,108,113,32.1929203539823,41.0,22.806194690265485,11.1,499.9,83.0,113,"Shengxian@29.600,120.817",Zhejiang,False,False
Shenyang,Liaoning,41.7333,123.5167,49,113,27.104424778761064,34.6,17.221238938053098,2.7,710.3,120.5,113,"Shenyang@41.733,123.517",Liaoning,False,False
Shenzhen,Guangdong,22.55,114.1,18,113,30.756637168141594,35.9,25.329203539823006,15.3,1249.6002,122.8,113,"Shenzhen@22.550,114.100",Guangdong,False,False
Sheyang,Jiangsu,33.7667,120.25,7,113,30.198230088495578,37.6,21.4070796460177,6.2,333.1,53.6,113,"Sheyang@33.767,120.250",Jiangsu,False,False
Shijiazhuang,Hebei,38.0333,114.4167,81,113,31.381415929203538,42.6,21.3212389380531,8.2,342.7001,83.1,113,"Shijiazhuang@38.033,114.417",Hebei,False,False
Shipu,Zhejiang,29.2,121.95,127,113,28.720353982300885,36.9,22.461061946902653,12.0,368.4002,47.7,113,"Shipu@29.200,121.950",Zhejiang,False,False
Shiquanhe,Xizang,32.5,80.0833,4279,113,19.38407079646018,26.0,6.115929203539824,-3.4,68.3002,19.4,113,"Shiquanhe@32.500,80.083",Xizang,False,False
Simao,Yunnan,22.7667,100.9833,1303,113,26.858407079646017,31.3,18.756637168141594,12.9,1046.6001,55.9,113,"Simao@22.767,100.983",Yunnan,False,False
Sinan,Guizhou,27.95,108.25,418,113,29.72477876106195,39.1,21.204424778761062,10.3,383.1,43.0,113,"Sinan@27.950,108.250",Guizhou,False,False
Siping,Jilin,43.1833,124.3333,165,113,25.9,32.8,16.171681415929203,-1.2,725.9004,74.3,113,"Siping@43.183,124.333",Jilin,False,False
Sog Xian,Xizang,31.8833,93.7833,4024,113,19.020353982300886,26.6,5.746902654867257,-6.0,270.4005,25.6,113,"Sog Xian@31.883,93.783",Xizang,False,False
Songpan,Sichuan,32.65,103.5667,2852,113,22.31769911504425,31.5,7.820353982300885,-3.8,244.1,29.6,113,"Songpan@32.650,103.567",Sichuan,False,False
Suifenhe,Heilongjiang,44.3833,131.15,498,113,21.98053097345133,30.4,12.182300884955751,-0.1,511.8,51.2,113,"Suifenhe@44.383,131.150",Heilongjiang,False,False
Sunwu,Heilongjiang,49.4333,127.35,235,113,24.06283185840708,31.5,12.567256637168141,-2.1,472.8,126.0,113,"Sunwu@49.433,127.350",Heilongjiang,False,False
Tacheng,Xinjiang,46.7333,83.0,535,113,29.635398230088498,38.9,15.038938053097345,6.0,34.102000000000004,7.2,113,"Tacheng@46.733,83.000",Xinjiang,False,False
Tai Shan,Shandong,36.25,117.1,1536,113,20.028318584070796,27.2,14.172566371681416,1.9,843.4007,92.3,113,"Tai Shan@36.250,117.100",Shandong,False,False
Taibei,Taiwan,25.0333,121.5167,9,113,,,,,537.9006,70.0,0,"Taibei@25.033,121.517",Taiwan,False,False
Taidong,Taiwan,22.75,121.15,10,113,,,,,301.5003,23.8,0,"Taidong@22.750,121.150",Taiwan,False,False
Tailai,Heilongjiang,46.4,123.4167,150,113,25.57345132743363,32.4,15.456637168141592,-1.5,379.5,67.0,113,"Tailai@46.400,123.417",Heilongjiang,False,False
Tainan,Taiwan,23.0,120.2167,14,113,,,,,531.3006,59.0,0,"Tainan@23.000,120.217",Taiwan,False,False
Taiyuan,Shanxi,37.7833,112.55,779,113,29.31061946902655,37.4,16.421238938053097,1.6,354.6003,119.2,113,"Taiyuan@37.783,112.550",Shanxi,False,False
Taizhong,Taiwan,24.15,120.6833,78,113,,,,,422.1003,56.5,0,"Taizhong@24.150,120.683",Taiwan,False,False
Tangshan,Hebei,39.6667,118.15,29,113,29.571681415929202,37.4,18.962831858407082,4.4,651.9005999999999,169.0,113,"Tangshan@39.667,118.150",Hebei,False,False
Tazhong,Xinjiang,39.0,83.6667,1100,113,34.928318584070794,43.9,18.66283185840708,2.7,7.6005,4.1,113,"Tazhong@39.000,83.667",Xinjiang,False,False
Tengchong,Yunnan,25.1167,98.4833,1649,113,24.256637168141594,29.9,16.942477876106196,9.0,916.2004000000001,42.3,113,"Tengchong@25.117,98.483",Yunnan,False,False
Tianjin,Tianjin,39.1,117.1667,5,113,30.715929203539822,40.1,20.29646017699115,7.2,512.8,74.8,113,"Tianjin@39.100,117.167",Tianjin,False,False
Tikanlik,Xinjiang,40.6333,87.7,847,113,34.74867256637168,42.2,19.47345132743363,4.7,12.3001,11.0,113,"Tikanlik@40.633,87.700",Xinjiang,False,False
Tingri,Xizang,28.6333,87.0833,4302,113,19.31858407079646,24.7,5.510619469026549,-3.9,101.5,19.0,113,"Tingri@28.633,87.083",Xizang,False,False
Tongdao,Hunan,26.1667,109.7833,397,113,29.37699115044248,36.7,21.61769911504425,8.6,776.9004,73.6,113,"Tongdao@26.167,109.783",Hunan,False,False
Tonghe,Heilongjiang,45.9667,128.7333,110,113,24.881415929203538,33.3,14.932743362831859,0.2,462.1,50.4,113,"Tonghe@45.967,128.733",Heilongjiang,False,False
Tongliao,Nei Mongol,43.6,122.2667,180,113,26.692035398230086,33.7,16.894690265486727,2.5,364.7,43.9,113,"Tongliao@43.600,122.267",Nei Mongol,False,False
Tulihe,Nei Mongol,50.45,121.7,733,113,21.997345132743362,32.0,5.6115044247787615,-12.6,240.2,50.1,113,"Tulihe@50.450,121.700",Nei Mongol,False,False
Tuotuohe,Qinghai,34.2167,92.4333,4535,113,14.126548672566372,22.5,1.7061946902654868,-14.7,232.4006,16.2,113,"Tuotuohe@34.217,92.433",Qinghai,False,False
Turpan,Xinjiang,42.9333,89.2,37,113,39.66814159292036,46.6,27.883185840707966,17.6,4.9007000000000005,1.6,113,"Turpan@42.933,89.200",Xinjiang,False,False
Uliastai,Nei Mongol,45.5167,116.9667,840,113,24.961061946902653,34.8,11.446902654867257,-5.0,196.9,26.2,113,"Uliastai@45.517,116.967",Nei Mongol,False,False
Urumqi,Xinjiang,43.7833,87.6167,919,113,28.81504424778761,38.5,19.342477876106194,11.3,44.401,11.3,113,"Urumqi@43.783,87.617",Xinjiang,False,False
Wanyuan,Sichuan,32.0667,108.0333,674,113,31.750442477876106,40.5,20.40353982300885,7.2,314.4,51.0,113,"Wanyuan@32.067,108.033",Sichuan,False,False
Weichang,Hebei,41.9333,117.75,844,113,26.122123893805313,34.6,11.43362831858407,-3.6,210.9006,44.4,113,"Weichang@41.933,117.750",Hebei,False,False
Weifang,Shandong,36.7,119.0833,51,113,30.327433628318584,39.2,21.04778761061947,6.3,682.7002,75.4,113,"Weifang@36.700,119.083",Shandong,False,False
Weining,Guizhou,26.8667,104.2833,2236,113,21.753982300884953,29.1,14.004424778761061,0.5,450.6001,54.2,113,"Weining@26.867,104.283",Guizhou,False,False
Wenjiang,Sichuan,30.7,103.8333,540,113,30.59557522123894,39.4,21.154867256637168,9.5,596.9,110.3,113,"Wenjiang@30.700,103.833",Sichuan,False,False
Wudaoliang,Qinghai,35.2167,93.0833,4613,113,12.187610619469027,22.8,0.06548672566371681,-15.7,225.6003,20.2,113,"Wudaoliang@35.217,93.083",Qinghai,False,False
Wudu,Gansu,33.4,104.9167,1079,113,30.842477876106194,38.7,20.108849557522124,8.2,312.6,59.6,113,"Wudu@33.400,104.917",Gansu,False,False
Wugang,Hunan,26.7333,110.6333,340,113,30.508849557522122,39.0,22.721238938053098,12.0,600.7,72.0,113,"Wugang@26.733,110.633",Hunan,False,False
Wuhan,Hubei,30.6167,114.1333,23,113,32.45929203539823,39.7,23.90442477876106,11.3,522.4,115.2,113,"Wuhan@30.617,114.133",Hubei,False,False
Wuhu,Anhui,31.3333,118.35,16,113,32.482300884955755,40.5,23.158407079646018,11.3,313.6002,75.3,113,"Wuhu@31.333,118.350",Anhui,False,False
Wushaoling,Gansu,37.2,102.8667,3044,113,16.489380530973452,24.9,6.907079646017699,-7.3,276.4011,23.2,113,"Wushaoling@37.200,102.867",Gansu,False,False
Wutai Shan,Shanxi,39.0333,113.5333,2898,113,17.856637168141592,24.4,10.161946902654867,-3.2,634.6005,49.8,113,"Wutai Shan@39.033,113.533",Shanxi,False,False
Wuyishan,Fujian,27.7667,118.0333,221,113,31.672566371681416,40.0,22.339823008849557,11.8,1106.5006,113.0,113,"Wuyishan@27.767,118.033",Fujian,False,False
Wuzhou,Guangxi,23.4833,111.3,120,113,31.528318584070796,37.2,24.168141592920353,14.2,719.5,90.2,113,"Wuzhou@23.483,111.300",Guangxi,False,False
Xainza,Xizang,30.95,88.6333,4671,113,16.953982300884956,24.6,4.11858407079646,-8.1,97.9002,10.4,113,"Xainza@30.950,88.633",Xizang,False,False
Xi Ujimqin Qi,Nei Mongol,44.5833,117.6,997,113,23.86017699115044,33.0,9.915929203539823,-6.3,239.2,37.9,113,"Xi Ujimqin Qi@44.583,117.600",Nei Mongol,False,False
Xiamen,Fujian,24.4833,118.0833,139,113,29.606194690265486,37.4,23.838938053097348,12.6,783.8004,84.8,113,"Xiamen@24.483,118.083",Fujian,False,False
Xiao'Ergou,Nei Mongol,49.2,123.7167,289,113,24.886725663716813,32.6,11.457522123893806,-4.8,333.0007,66.8,113,"Xiao'Ergou@49.200,123.717",Nei Mongol,False,False
Xichang,Sichuan,27.9,102.2667,1599,113,27.865486725663718,36.3,18.253097345132744,8.2,556.5,43.4,113,"Xichang@27.900,102.267",Sichuan,False,False
Xifengzhen,Gansu,35.7333,107.6333,1423,113,26.493805309734515,34.3,16.957522123893806,3.7,252.801,42.0,113,"Xifengzhen@35.733,107.633",Gansu,False,False
Xigaze,Xizang,29.25,88.8833,3837,113,23.153982300884955,28.2,9.375221238938053,-1.7,142.79999999999998,32.3,113,"Xigaze@29.250,88.883",Xizang,False,False
Xihua,Henan,33.7833,114.5167,53,113,32.76902654867257,40.2,21.73274336283186,6.3,267.1,69.8,113,"Xihua@33.783,114.517",Henan,False,False
Xilin Hot,Nei Mongol,43.95,116.0667,991,113,26.032743362831855,35.3,12.154867256637168,-4.5,141.6,50.1,113,"Xilin Hot@43.950,116.067",Nei Mongol,False,False
Xin Barag Youqi,Nei Mongol,48.6667,116.8167,556,113,25.4,36.7,12.429203539823009,-2.5,122.9011,43.5,113,"Xin Barag Youqi@48.667,116.817",Nei Mongol,False,False
Xingren,Guizhou,25.4333,105.1833,1379,113,26.169026548672566,32.6,18.424778761061948,8.5,754.3,62.1,113,"Xingren@25.433,105.183",Guizhou,False,False
Xingtai,Hebei,37.0667,114.5,78,113,30.657522123893806,40.9,21.23008849557522,8.1,353.6005,67.3,113,"Xingtai@37.067,114.500",Hebei,False,False
Xining,Qinghai,36.6167,101.7667,2262,113,23.938053097345133,34.4,10.861946902654868,-1.8,339.6001,40.0,113,"Xining@36.617,101.767",Qinghai,False,False
Xinxian,Shandong,36.0333,115.5833,47,113,31.02654867256637,40.5,21.027433628318583,7.2,380.1001,97.6,113,"Xinxian@36.033,115.583",Shandong,False,False
Xinyang,Henan,32.1333,114.05,115,113,32.167256637168144,40.2,23.711504424778763,11.2,555.0,207.4,113,"Xinyang@32.133,114.050",Henan,False,False
Xinyi,Guangdong,22.35,110.9333,84,113,31.597345132743364,36.5,24.298230088495572,15.7,1544.7004,197.7,113,"Xinyi@22.350,110.933",Guangdong,False,False
Xisha Dao,Hainan,16.8333,112.3333,5,113,31.52212389380531,33.2,27.646017699115045,24.0,860.7,138.8,113,"Xisha Dao@16.833,112.333",Hainan,False,False
Xiushui,Jiangxi,29.0333,114.5833,147,113,32.332743362831856,41.0,22.43362831858407,10.8,458.4,51.9,113,"Xiushui@29.033,114.583",Jiangxi,False,False
Xunwu,Jiangxi,24.95,115.65,299,113,30.48141592920354,37.8,22.106194690265486,10.2,982.9,107.0,113,"Xunwu@24.950,115.650",Jiangxi,False,False
Xuzhou,Jiangsu,34.2833,117.15,42,113,32.326548672566375,39.2,22.77699115044248,8.0,584.9001,143.6,113,"Xuzhou@34.283,117.150",Jiangsu,False,False
Ya'an,Sichuan,29.9833,103.0,629,113,30.4,38.5,21.648672566371683,10.4,863.3000000000001,126.3,113,"Ya'an@29.983,103.000",Sichuan,False,False
Yan An,Shaanxi,36.6,109.5,959,113,27.907964601769912,35.2,14.839823008849558,-2.0,382.6001,99.2,113,"Yan An@36.600,109.500",Shaanxi,False,False
Yanchi,Ningxia,37.7833,107.4,1349,113,28.7283185840708,36.7,15.634513274336284,1.9,215.0,51.9,113,"Yanchi@37.783,107.400",Ningxia,False,False
Yangcheng,Shanxi,35.4833,112.4,659,113,29.941592920353983,39.7,18.093805309734513,5.2,389.2002,71.9,113,"Yangcheng@35.483,112.400",Shanxi,False,False
Yangjiang,Guangdong,21.8667,111.9667,22,113,30.497345132743362,36.6,25.309734513274336,15.3,1595.3004,208.2,113,"Yangjiang@21.867,111.967",Guangdong,False,False
Yanji,Jilin,42.8833,129.4667,178,113,24.23362831858407,32.9,14.132743362831858,1.4,378.901,34.7,113,"Yanji@42.883,129.467",Jilin,False,False
Yanzhou,Shandong,35.5667,116.85,53,113,31.693805309734515,39.8,21.278761061946902,3.8,665.2005,136.5,113,"Yanzhou@35.567,116.850",Shandong,False,False
Yaxian,Hainan,18.2333,109.5167,7,113,28.456637168141594,31.3,23.77433628318584,18.1,767.0,149.4,113,"Yaxian@18.233,109.517",Hainan,False,False
Yibin,Sichuan,28.8,104.6,342,113,30.91061946902655,42.1,22.350442477876104,11.2,461.90000000000003,72.4,113,"Yibin@28.800,104.600",Sichuan,False,False
Yichang,Hubei,30.7,111.3,134,113,31.000884955752213,39.7,22.138938053097345,11.5,451.5,49.3,113,"Yichang@30.700,111.300",Hubei,False,False
Yichun,Jiangxi,27.8,114.3833,129,113,31.24513274336283,38.7,23.300884955752213,11.5,668.5,68.2,113,"Yichun@27.800,114.383",Jiangxi,False,True
Yichun,Heilongjiang,47.7167,128.9,232,113,24.358407079646017,32.5,12.513274336283185,-2.0,502.7,72.5,113,"Yichun@47.717,128.900",Heilongjiang,False,True
Yinchuan,Ningxia,38.4833,106.2167,1112,113,29.949557522123897,39.1,16.64070796460177,1.7,222.301,68.6,113,"Yinchuan@38.483,106.217",Ningxia,False,False
Yingkou,Liaoning,40.6667,122.2,4,113,26.04513274336283,32.4,19.43185840707965,5.9,422.3003,74.6,113,"Yingkou@40.667,122.200",Liaoning,False,False
Yining,Xinjiang,43.95,81.3333,663,113,29.816814159292036,37.4,16.48849557522124,10.8,80.2011,26.3,113,"Yining@43.950,81.333",Xinjiang,False,False
Yiyuan,Shandong,36.1833,118.15,302,113,29.94070796460177,37.1,20.18849557522124,5.5,669.2005,64.2,113,"Yiyuan@36.183,118.150",Shandong,False,False
Yong'an,Fujian,25.9667,117.35,204,113,32.078761061946906,41.2,22.195575221238936,11.3,776.0002999999999,135.6,113,"Yong'an@25.967,117.350",Fujian,False,False
Youyang,Sichuan,28.8333,108.7667,665,113,28.20884955752212,37.0,19.256637168141594,8.9,643.6,169.7,113,"Youyang@28.833,108.767",Sichuan,False,False
Yu Xian,Hebei,39.8333,114.5667,910,113,28.118584070796462,36.4,15.551327433628318,2.8,325.1001,41.8,113,"Yu Xian@39.833,114.567",Hebei,False,False
Yu Zhong,Gansu,35.8667,104.15,1875,113,26.71061946902655,36.1,12.185840707964601,-1.3,261.4002,48.9,113,"Yu Zhong@35.867,104.150",Gansu,False,False
Yuanjiang,Yunnan,23.6,101.9833,398,113,34.167256637168144,40.1,24.421238938053097,16.8,427.4007,54.5,113,"Yuanjiang@23.600,101.983",Yunnan,False,False
Yuanling,Hunan,28.4667,110.4,143,113,31.665486725663715,41.1,22.801769911504422,11.4,624.2,95.7,113,"Yuanling@28.467,110.400",Hunan,False,False
Yuanmou,Yunnan,25.7333,101.8667,1120,113,32.06548672566372,38.2,21.647787610619467,11.4,485.3,93.3,113,"Yuanmou@25.733,101.867",Yunnan,False,False
Yuanping,Shanxi,38.75,112.7,838,113,28.68495575221239,37.3,17.171681415929203,4.6,457.4,55.0,113,"Yuanping@38.750,112.700",Shanxi,False,False
Yueyang,Hunan,29.3833,113.0833,52,113,30.99823008849558,40.0,25.539823008849556,13.2,301.7,35.9,113,"Yueyang@29.383,113.083",Hunan,False,False
Yulin,Shaanxi,38.2333,109.7,1058,113,27.699115044247787,37.2,16.47079646017699,1.6,445.8001,96.5,113,"Yulin@38.233,109.700",Shaanxi,False,False
Yumenzhen,Gansu,40.2667,97.0333,1527,113,28.61592920353982,35.3,14.099115044247789,0.5,30.3017,8.6,113,"Yumenzhen@40.267,97.033",Gansu,False,False
Yuncheng,Shanxi,35.0333,111.0167,376,113,32.49557522123894,39.9,20.511504424778764,6.2,243.8,60.1,113,"Yuncheng@35.033,111.017",Shanxi,False,False
Yushe,Shanxi,37.0667,112.9833,1042,113,27.768141592920355,36.5,14.333628318584072,-1.7,260.1005,37.7,113,"Yushe@37.067,112.983",Shanxi,False,False
Yushu,Qinghai,33.0167,97.0167,3682,113,20.624778761061947,29.9,5.076106194690266,-7.5,185.3,11.4,113,"Yushu@33.017,97.017",Qinghai,False,False
Zadoi,Qinghai,32.9,95.3,4068,113,18.190265486725664,26.2,4.960176991150442,-7.9,289.9001,17.6,113,"Zadoi@32.900,95.300",Qinghai,False,False
Zaoyang,Hubei,32.15,112.6667,127,113,33.08938053097345,40.7,24.10796460176991,10.8,182.5,37.6,113,"Zaoyang@32.150,112.667",Hubei,False,False
Zhang Ping,Fujian,25.3,117.4,203,113,31.960176991150444,40.4,22.055752212389383,11.2,700.6006,88.5,113,"Zhang Ping@25.300,117.400",Fujian,False,False
Zhangjiakou,Hebei,40.7833,114.8833,726,113,28.583185840707966,36.8,15.755752212389382,3.1,286.7006,59.6,113,"Zhangjiakou@40.783,114.883",Hebei,False,False
Zhangwu,Liaoning,42.4167,122.5333,84,113,26.806194690265485,33.9,17.668141592920353,2.2,757.6002,119.5,113,"Zhangwu@42.417,122.533",Liaoning,False,False
Zhangye,Gansu,38.9333,100.4333,1483,113,28.85929203539823,40.3,15.717699115044248,2.4,75.802,12.8,113,"Zhangye@38.933,100.433",Gansu,False,False
Zhanjiang,Guangdong,21.2167,110.4,28,113,31.053097345132745,35.8,25.257522123893803,15.6,835.3002,111.1,113,"Zhanjiang@21.217,110.400",Guangdong,False,False
Zhanyi,Yunnan,25.5833,103.8333,1900,113,25.009734513274335,30.8,16.350442477876104,5.2,633.0007,58.2,113,"Zhanyi@25.583,103.833",Yunnan,False,False
Zhaotong,Yunnan,27.3333,103.75,1950,113,24.537168141592918,33.5,15.299115044247786,3.5,389.3,30.6,113,"Zhaotong@27.333,103.750",Yunnan,False,False
Zhengzhou,Henan,34.7167,113.65,111,113,32.67522123893806,42.3,23.006194690265485,7.4,311.8002,85.3,113,"Zhengzhou@34.717,113.650",Henan,False,False
Zhijiang,Hunan,27.45,109.6833,273,113,30.759292035398232,39.6,21.84070796460177,10.4,518.9001000000001,110.2,113,"Zhijiang@27.450,109.683",Hunan,False,False
Zhongning,Ningxia,37.4833,105.6667,1185,113,30.88761061946903,39.0,17.812389380530973,4.7,69.0001,14.5,113,"Zhongning@37.483,105.667",Ningxia,False,False
Zhongxiang,Hubei,31.1667,112.5667,66,113,31.298230088495572,39.1,22.88849557522124,10.9,373.1,80.4,113,"Zhongxiang@31.167,112.567",Hubei,False,False
Zhumadian,Henan,33.0,114.0167,83,113,32.531858407079646,39.6,21.671681415929203,9.7,394.5,63.4,113,"Zhumadian@33.000,114.017",Henan,False,False
